AgeDetector.sv	proven
AsyncResetSynchronizerPrimitiveShiftReg_d3_i0.sv	proven
AsyncResetSynchronizerShiftReg_w4_d3_i0.sv	proven
BusyTable_3.sv	proven
ByteMaskTailGen.sv	proven
CVT32.sv	unproven
CVT32ModuleS0.sv	proven
CVT32ModuleS1.sv	unproven
CVT32ModuleS2.sv	proven
CVT64.sv	proven
CounterFilter.sv	proven
Decoupled2LCredit_1.sv	proven
Decoupled2LCredit_2.sv	proven
Decoupled2LCredit_5.sv	proven
FIFOReg.sv	proven
FreeList_4.sv	proven
Hstateen2Module.sv	proven
INT2FP.sv	proven
LCredit2Decoupled.sv	proven
LCredit2Decoupled_3.sv	unproven
LCredit2Decoupled_4.sv	unproven
LCredit2Decoupled_5.sv	unproven
Lzc.sv	proven
Lzc_9.sv	proven
MaskExtractor.sv	proven
Mhpmcounter11Module.sv	proven
Queue15_CHIDAT.sv	unproven
Queue15_CHIREQ.sv	unproven
Queue15_CHIRSP.sv	unproven
Queue1_RegMapperInput_1.sv	proven
Queue4_CHISNP.sv	proven
RNLinkMonitor.sv	timeout
Rec7Table.sv	proven
RegionWays.sv	proven
RoundingUnit.sv	proven
RoundingUnit_6.sv	proven
RoundingUnit_8.sv	proven
Rsqrt7Table.sv	proven
ShiftRightJam_2.sv	proven
UIntToContLow0s.sv	proven
UIntToContLow1s.sv	proven
VCVT_1.sv	unproven
VlRegFile.sv	proven
VtTrainPipeline.sv	proven
WBArbiter.sv	proven
array_128x38.sv	proven
array_2048x10.sv	timeout
ram_15x162.sv	unproven
ram_15x422.sv	unproven
ram_15x73.sv	unproven
ram_2x10.sv	proven
ram_4x115.sv	proven
